# inserting into dim_date
INSERT INTO dim_date (date_key, full_date, day_of_week, day_of_month, month, month_name, quarter, year, is_weekend) VALUES
(20240101, '2024-01-01', 'Monday', 1, 1, 'January', 'Q1', 2024, FALSE),
(20240102, '2024-01-02', 'Tuesday', 2, 1, 'January', 'Q1', 2024, FALSE),
(20240103, '2024-01-03', 'Wednesday', 3, 1, 'January', 'Q1', 2024, FALSE),
(20240104, '2024-01-04', 'Thursday', 4, 1, 'January', 'Q1', 2024, FALSE),
(20240105, '2024-01-05', 'Friday', 5, 1, 'January', 'Q1', 2024, FALSE),
(20240106, '2024-01-06', 'Saturday', 6, 1, 'January', 'Q1', 2024, TRUE),
(20240107, '2024-01-07', 'Sunday', 7, 1, 'January', 'Q1', 2024, TRUE),
(20240108, '2024-01-08', 'Monday', 8, 1, 'January', 'Q1', 2024, FALSE),
(20240109, '2024-01-09', 'Tuesday', 9, 1, 'January', 'Q1', 2024, FALSE),
(20240110, '2024-01-10', 'Wednesday', 10, 1, 'January', 'Q1', 2024, FALSE),
(20240111, '2024-01-11', 'Thursday', 11, 1, 'January', 'Q1', 2024, FALSE),
(20240112, '2024-01-12', 'Friday', 12, 1, 'January', 'Q1', 2024, FALSE),
(20240113, '2024-01-13', 'Saturday', 13, 1, 'January', 'Q1', 2024, TRUE),
(20240114, '2024-01-14', 'Sunday', 14, 1, 'January', 'Q1', 2024, TRUE),
(20240115, '2024-01-15', 'Monday', 15, 1, 'January', 'Q1', 2024, FALSE),
(20240116, '2024-01-16', 'Tuesday', 16, 1, 'January', 'Q1', 2024, FALSE),
(20240117, '2024-01-17', 'Wednesday', 17, 1, 'January', 'Q1', 2024, FALSE),
(20240118, '2024-01-18', 'Thursday', 18, 1, 'January', 'Q1', 2024, FALSE),
(20240119, '2024-01-19', 'Friday', 19, 1, 'January', 'Q1', 2024, FALSE),
(20240120, '2024-01-20', 'Saturday', 20, 1, 'January', 'Q1', 2024, TRUE),
(20240121, '2024-01-21', 'Sunday', 21, 1, 'January', 'Q1', 2024, TRUE),
(20240122, '2024-01-22', 'Monday', 22, 1, 'January', 'Q1', 2024, FALSE),
(20240123, '2024-01-23', 'Tuesday', 23, 1, 'January', 'Q1', 2024, FALSE),
(20240124, '2024-01-24', 'Wednesday', 24, 1, 'January', 'Q1', 2024, FALSE),
(20240125, '2024-01-25', 'Thursday', 25, 1, 'January', 'Q1', 2024, FALSE),
(20240126, '2024-01-26', 'Friday', 26, 1, 'January', 'Q1', 2024, FALSE),
(20240127, '2024-01-27', 'Saturday', 27, 1, 'January', 'Q1', 2024, TRUE),
(20240128, '2024-01-28', 'Sunday', 28, 1, 'January', 'Q1', 2024, TRUE),
(20240129, '2024-01-29', 'Monday', 29, 1, 'January', 'Q1', 2024, FALSE),
(20240130, '2024-01-30', 'Tuesday', 30, 1, 'January', 'Q1', 2024, FALSE);

# inserting into dim_product
INSERT INTO dim_product (product_id, product_name, category, subcategory, unit_price) VALUES
('P001', 'Samsung Galaxy S24', 'Electronics', 'Mobile Phones', 79999.00),
('P002', 'Apple iPhone 15', 'Electronics', 'Mobile Phones', 99999.00),
('P003', 'Sony 55-inch 4K TV', 'Electronics', 'Televisions', 59999.00),
('P004', 'LG Refrigerator 300L', 'Electronics', 'Home Appliances', 45999.00),
('P005', 'HP Pavilion Laptop', 'Electronics', 'Computers', 68999.00),
('P006', 'Nike Air Max Shoes', 'Fashion', 'Footwear', 10999.00),
('P007', 'Adidas Running Shoes', 'Fashion', 'Footwear', 8999.00),
('P008', 'Levi\'s Men Jeans', 'Fashion', 'Clothing', 3999.00),
('P009', 'Zara Women Dress', 'Fashion', 'Clothing', 5499.00),
('P010', 'Ray-Ban Aviator Sunglasses', 'Fashion', 'Accessories', 12999.00),
('P011', 'Wooden Dining Table', 'Furniture', 'Living Room', 25999.00),
('P012', 'Queen Size Bed', 'Furniture', 'Bedroom', 45999.00),
('P013', 'Ergonomic Office Chair', 'Furniture', 'Office', 14999.00),
('P014', 'IKEA Bookshelf', 'Furniture', 'Living Room', 7999.00),
('P015', 'Coffee Table', 'Furniture', 'Living Room', 4999.00);

# inserting dim_customers
INSERT INTO dim_customer (customer_id, customer_name, city, state, customer_segment) VALUES
('C001', 'Rahul Sharma', 'Mumbai', 'Maharashtra', 'High'),
('C002', 'Priya Patel', 'Mumbai', 'Maharashtra', 'Medium'),
('C003', 'Amit Kumar', 'Delhi', 'Delhi', 'Low'),
('C004', 'Sneha Reddy', 'Delhi', 'Delhi', 'High'),
('C005', 'Vikram Singh', 'Bangalore', 'Karnataka', 'Medium'),
('C006', 'Ananya Iyer', 'Bangalore', 'Karnataka', 'Low'),
('C007', 'Rohit Verma', 'Chennai', 'Tamil Nadu', 'High'),
('C008', 'Meera Nair', 'Chennai', 'Tamil Nadu', 'Medium'),
('C009', 'Suresh Gupta', 'Mumbai', 'Maharashtra', 'Low'),
('C010', 'Kavya Menon', 'Bangalore', 'Karnataka', 'High'),
('C011', 'Arjun Desai', 'Delhi', 'Delhi', 'Medium'),
('C012', 'Isha Kapoor', 'Chennai', 'Tamil Nadu', 'Low');


INSERT INTO fact_sales (date_key, product_key, customer_key, quantity_sold, unit_price, discount_amount, total_amount) VALUES
(20240101, 1, 1, 1, 79999.00, 0, 79999.00),
(20240102, 2, 2, 1, 99999.00, 5000.00, 94999.00),
(20240103, 3, 3, 2, 59999.00, 0, 119998.00),
(20240104, 4, 4, 1, 45999.00, 2000.00, 43999.00),
(20240105, 5, 5, 1, 68999.00, 0, 68999.00),
(20240106, 6, 6, 3, 10999.00, 500.00, 32497.00), 
(20240107, 7, 7, 2, 8999.00, 0, 17998.00),      
(20240108, 8, 8, 4, 3999.00, 0, 15996.00),
(20240109, 9, 9, 1, 5499.00, 0, 5499.00),
(20240110, 10, 10, 2, 12999.00, 0, 25998.00),
(20240111, 11, 11, 1, 25999.00, 1000.00, 24999.00),
(20240112, 12, 12, 2, 45999.00, 0, 91998.00),
(20240113, 13, 1, 1, 14999.00, 0, 14999.00),
(20240114, 14, 2, 3, 7999.00, 0, 23997.00),
(20240115, 15, 3, 2, 4999.00, 0, 9998.00),
(20240116, 1, 4, 1, 79999.00, 0, 79999.00),
(20240117, 2, 5, 1, 99999.00, 5000.00, 94999.00),
(20240118, 3, 6, 2, 59999.00, 0, 119998.00),
(20240119, 4, 7, 1, 45999.00, 0, 45999.00),
(20240120, 5, 8, 1, 68999.00, 0, 68999.00),    
(20240121, 6, 9, 3, 10999.00, 500.00, 32497.00), 
(20240122, 7, 10, 2, 8999.00, 0, 17998.00),
(20240123, 8, 11, 1, 3999.00, 0, 3999.00),
(20240124, 9, 12, 2, 5499.00, 0, 10998.00),
(20240125, 10, 1, 1, 12999.00, 0, 12999.00),
(20240126, 11, 2, 2, 25999.00, 1000.00, 50998.00),
(20240127, 12, 3, 1, 45999.00, 0, 45999.00),   
(20240128, 13, 4, 2, 14999.00, 0, 29998.00),   
(20240129, 14, 5, 3, 7999.00, 0, 23997.00),
(20240130, 15, 6, 1, 4999.00, 0, 4999.00),
(20240101, 1, 7, 1, 79999.00, 0, 79999.00),
(20240102, 2, 8, 2, 99999.00, 0, 199998.00),
(20240103, 3, 9, 1, 59999.00, 0, 59999.00),
(20240104, 4, 10, 1, 45999.00, 0, 45999.00),
(20240105, 5, 11, 2, 68999.00, 5000.00, 132998.00),
(20240106, 6, 12, 1, 10999.00, 0, 10999.00),   
(20240107, 7, 1, 2, 8999.00, 0, 17998.00),     
(20240108, 8, 2, 1, 3999.00, 0, 3999.00),
(20240109, 9, 3, 3, 5499.00, 0, 16497.00),
(20240110, 10, 4, 2, 12999.00, 0, 25998.00),
(20240111, 11, 5, 1, 25999.00, 0, 25999.00),
(20240112, 12, 6, 1, 45999.00, 0, 45999.00);
